{
  "Ansi 7 Color (Light)" : {
    "Green Component" : 0.99997437000274658,
    "Red Component" : 1,
    "Blue Component" : 0.99999129772186279
  },
  "Ansi 15 Color (Light)" : {
    "Green Component" : 0.99997437000274658,
    "Red Component" : 1,
    "Blue Component" : 0.99999129772186279
  },
  "Ansi 2 Color (Light)" : {
    "Green Component" : 0.94388872385025024,
    "Red Component" : 0.36202818155288696,
    "Blue Component" : 0.62042194604873657
  },
  "Bold Color" : {
    "Red Component" : 0.062745101749897003,
    "Color Space" : "sRGB",
    "Blue Component" : 0.062745101749897003,
    "Alpha Component" : 1,
    "Green Component" : 0.062745101749897003
  },
  "Ansi 1 Color (Dark)" : {
    "Green Component" : 0.22098405659198761,
    "Red Component" : 0.9871404767036438,
    "Blue Component" : 0.25575384497642517
  },
  "Use Bright Bold" : true,
  "Ansi 9 Color (Light)" : {
    "Green Component" : 0.45310419797897339,
    "Red Component" : 0.98958194255828857,
    "Blue Component" : 0.42818409204483032
  },
  "Ansi 8 Color (Dark)" : {
    "Green Component" : 0.69167852401733398,
    "Red Component" : 0.63061976432800293,
    "Blue Component" : 0.72321081161499023
  },
  "Background Color" : {
    "Red Component" : 0.97999999999999998,
    "Color Space" : "sRGB",
    "Blue Component" : 0.97999999999999998,
    "Alpha Component" : 1,
    "Green Component" : 0.97999999999999998
  },
  "Columns" : 80,
  "Ansi 8 Color" : {
    "Red Component" : 0.40781760215759277,
    "Color Space" : "sRGB",
    "Blue Component" : 0.4078223705291748,
    "Alpha Component" : 1,
    "Green Component" : 0.40782788395881653
  },
  "Right Option Key Sends" : 0,
  "Ansi 4 Color (Light)" : {
    "Green Component" : 0.7149810791015625,
    "Red Component" : 0.215079665184021,
    "Blue Component" : 0.99871528148651123
  },
  "Blinking Cursor" : true,
  "Selected Text Color (Light)" : {
    "Green Component" : 0.92142927646636963,
    "Red Component" : 0.90730977058410645,
    "Blue Component" : 0.93115901947021484
  },
  "Selected Text Color (Dark)" : {
    "Green Component" : 0.92142927646636963,
    "Red Component" : 0.90730977058410645,
    "Blue Component" : 0.93115901947021484
  },
  "Ansi 3 Color (Dark)" : {
    "Green Component" : 0.81672251224517822,
    "Red Component" : 0.99627053737640381,
    "Blue Component" : 0.19727933406829834
  },
  "Keyboard Map" : {

  },
  "Visual Bell" : true,
  "Cursor Text Color" : {
    "Red Component" : 1,
    "Color Space" : "sRGB",
    "Blue Component" : 1,
    "Alpha Component" : 1,
    "Green Component" : 1
  },
  "Scrollback Lines" : 1000,
  "Selection Color (Light)" : {
    "Green Component" : 0.41462835669517517,
    "Red Component" : 0.30659490823745728,
    "Blue Component" : 0.47096589207649231
  },
  "Ansi 0 Color" : {
    "Red Component" : 0.078431375324726105,
    "Color Space" : "sRGB",
    "Blue Component" : 0.11764705926179886,
    "Alpha Component" : 1,
    "Green Component" : 0.098039217293262482
  },
  "Match Background Color (Dark)" : {
    "Red Component" : 0.99697142839431763,
    "Color Space" : "P3",
    "Blue Component" : 0.32116127014160156,
    "Alpha Component" : 1,
    "Green Component" : 0.98600882291793823
  },
  "Ansi 11 Color (Light)" : {
    "Green Component" : 0.88262283802032471,
    "Red Component" : 0.99765938520431519,
    "Blue Component" : 0.42511638998985291
  },
  "Ansi 5 Color (Dark)" : {
    "Green Component" : 0.13310989737510681,
    "Red Component" : 0.986469566822052,
    "Blue Component" : 0.43182668089866638
  },
  "Cursor Text Color (Light)" : {
    "Green Component" : 0,
    "Red Component" : 0,
    "Blue Component" : 0
  },
  "Silence Bell" : false,
  "Rows" : 25,
  "Guid" : "252D0C97-ADD7-451A-9CBF-6D9C75599E5C",
  "Ansi 14 Color (Dark)" : {
    "Green Component" : 1,
    "Red Component" : 0.60292786359786987,
    "Blue Component" : 0.90182536840438843
  },
  "Ansi 15 Color (Dark)" : {
    "Green Component" : 0.99997437000274658,
    "Red Component" : 1,
    "Blue Component" : 0.99999129772186279
  },
  "Ansi 0 Color (Dark)" : {
    "Green Component" : 0.35616019368171692,
    "Red Component" : 0.26286587119102478,
    "Blue Component" : 0.40253299474716187
  },
  "Ambiguous Double Width" : false,
  "Option Key Sends" : 0,
  "Ansi 3 Color" : {
    "Red Component" : 0.78058648109436035,
    "Color Space" : "sRGB",
    "Blue Component" : 0,
    "Alpha Component" : 1,
    "Green Component" : 0.76959484815597534
  },
  "Window Type" : 0,
  "BM Growl" : true,
  "Prompt Before Closing 2" : false,
  "Command" : "",
  "Selected Text Color" : {
    "Red Component" : 0,
    "Color Space" : "sRGB",
    "Blue Component" : 0,
    "Alpha Component" : 1,
    "Green Component" : 0
  },
  "Ansi 14 Color (Light)" : {
    "Green Component" : 1,
    "Red Component" : 0.60292786359786987,
    "Blue Component" : 0.90182536840438843
  },
  "Cursor Guide Color (Dark)" : {
    "Red Component" : 0.74862593412399292,
    "Color Space" : "P3",
    "Blue Component" : 0.99125725030899048,
    "Alpha Component" : 0.25,
    "Green Component" : 0.92047786712646484
  },
  "ASCII Ligatures" : true,
  "Send Code When Idle" : false,
  "Ansi 6 Color" : {
    "Red Component" : 0,
    "Color Space" : "sRGB",
    "Blue Component" : 0.78166204690933228,
    "Alpha Component" : 1,
    "Green Component" : 0.77425903081893921
  },
  "Jobs to Ignore" : [
    "rlogin",
    "ssh",
    "slogin",
    "telnet"
  ],
  "Badge Color (Dark)" : {
    "Red Component" : 0.92929404973983765,
    "Color Space" : "P3",
    "Blue Component" : 0.13960540294647217,
    "Alpha Component" : 0.5,
    "Green Component" : 0.25479039549827576
  },
  "Cursor Color" : {
    "Red Component" : 0,
    "Color Space" : "sRGB",
    "Blue Component" : 0,
    "Alpha Component" : 1,
    "Green Component" : 0
  },
  "Vertical Spacing" : 1,
  "Bound Hosts" : [

  ],
  "Disable Window Resizing" : true,
  "Close Sessions On End" : true,
  "Selection Color (Dark)" : {
    "Green Component" : 0.41462835669517517,
    "Red Component" : 0.30659490823745728,
    "Blue Component" : 0.47096589207649231
  },
  "Default Bookmark" : "No",
  "Foreground Color (Light)" : {
    "Green Component" : 0.92142927646636963,
    "Red Component" : 0.90730977058410645,
    "Blue Component" : 0.93115901947021484
  },
  "Custom Command" : "No",
  "Background Color (Dark)" : {
    "Green Component" : 0.14745020866394043,
    "Red Component" : 0.11278382688760757,
    "Blue Component" : 0.16608485579490662
  },
  "Ansi 9 Color" : {
    "Red Component" : 0.8659515380859375,
    "Color Space" : "sRGB",
    "Blue Component" : 0.45833224058151245,
    "Alpha Component" : 1,
    "Green Component" : 0.47524076700210571
  },
  "Ansi 14 Color" : {
    "Red Component" : 0.37597531080245972,
    "Color Space" : "sRGB",
    "Blue Component" : 1,
    "Alpha Component" : 1,
    "Green Component" : 0.99263292551040649
  },
  "Flashing Bell" : false,
  "Use Italic Font" : true,
  "Ansi 13 Color (Dark)" : {
    "Green Component" : 0.40164706110954285,
    "Red Component" : 0.9887651801109314,
    "Blue Component" : 0.60766077041625977
  },
  "Cursor Guide Color (Light)" : {
    "Red Component" : 0.74862593412399292,
    "Color Space" : "P3",
    "Blue Component" : 0.99125725030899048,
    "Alpha Component" : 0.25,
    "Green Component" : 0.92047786712646484
  },
  "Ansi 12 Color" : {
    "Red Component" : 0.65349078178405762,
    "Color Space" : "sRGB",
    "Blue Component" : 0.9485321044921875,
    "Alpha Component" : 1,
    "Green Component" : 0.67044717073440552
  },
  "Ansi 10 Color (Light)" : {
    "Green Component" : 0.96712285280227661,
    "Red Component" : 0.67800694704055786,
    "Blue Component" : 0.74659085273742676
  },
  "Non-ASCII Anti Aliased" : true,
  "Ansi 10 Color" : {
    "Red Component" : 0.3450070321559906,
    "Color Space" : "sRGB",
    "Blue Component" : 0.56541937589645386,
    "Alpha Component" : 1,
    "Green Component" : 0.9042816162109375
  },